body,author
Success is not for the lazy.,Anonymous
The best way out is always through.,Robert Frost
Success is the result of preparation, hard work, and learning from failure.,Colin Powell
What we achieve inwardly will change outer reality.,Plutarch
The only thing worse than being blind is having sight but no vision.,Helen Keller
You only live once, but if you do it right, once is enough.,Mae West
There is no substitute for hard work.,Thomas Edison
Don't wish it were easier. Wish you were better.,Jim Rohn
The best way to make your dreams come true is to wake up.,Paul Valery
What you do today can improve all your tomorrows.,Ralph Marston
Keep going. Everything you need will come to you at the perfect time.,Anonymous
Failure is the condiment that gives success its flavor.,Truman Capote
